<?xml version="1.0" encoding="UTF-8"?>
<mappings xmlns="http://dozer.sourceforge.net" xmlns:xsi="http://www.w3.org/2001/XMLSchema-instance"
	xsi:schemaLocation="http://dozer.sourceforge.net http://dozer.sourceforge.net/schema/beanmapping.xsd">

	<configuration>
		<custom-converters>
			<converter type="ch.admin.oss.common.OSSCustomDateTimeConverter">
				<class-a>java.util.Date</class-a>
				<class-b>java.time.LocalDateTime</class-b>
			</converter>
			<converter type="ch.admin.oss.common.OSSCustomDateConverter">
				<class-a>java.util.Date</class-a>
				<class-b>java.time.LocalDate</class-b>
			</converter>
			<converter type="ch.admin.oss.CodeWertConverter">
				<class-a>ch.admin.oss.domain.CodeWertEntity</class-a>
				<class-b>ch.admin.oss.common.CodeWertDto</class-b>
			</converter>
			<converter type="ch.admin.oss.common.FlowHistoryConverter">
				<class-a>ch.admin.oss.domain.FlowHistoryEntity</class-a>
				<class-b>ch.admin.oss.common.FlowHistoryDto</class-b>
			</converter>
		</custom-converters>
	</configuration>

</mappings>