<?xml version="1.0" encoding="ISO-8859-1"?>
<!DOCTYPE log4j:configuration SYSTEM "log4j.dtd">
<log4j:configuration xmlns:log4j="http://jakarta.apache.org/log4j/"
	debug="false">

	<appender name="console" class="org.apache.log4j.ConsoleAppender">
		<layout class="org.apache.log4j.PatternLayout">
			<param name="ConversionPattern" value="%X{CorrelationId} %X{Username} %d %-5p [%t] [%c] %m%n" />
		</layout>
	</appender>

	<appender name="logfile" class="org.apache.log4j.DailyRollingFileAppender">
		<param name="File" value="${jboss.server.log.dir}/EasyGov.log" />
		<param name="DatePattern" value="'.'yyyy-MM-dd" />
		<layout class="org.apache.log4j.PatternLayout">
			<param name="ConversionPattern" value="%X{CorrelationId} %X{Username} %d %-5p [%t] [%c] %m%n" />
		</layout>
	</appender>

	<logger name="ch.admin.oss" additivity="false">
		<level value="DEBUG" />
		<appender-ref ref="console" />
		<appender-ref ref="logfile" />
	</logger>
	
  <logger name="org.springframework" additivity="false">
    <level value="WARN" />
    <appender-ref ref="console" />
    <appender-ref ref="logfile" />  
  </logger>
  
  <logger name="org.hibernate" additivity="false">
		<level value="WARN" />
		<appender-ref ref="console" />
		<appender-ref ref="logfile" />  
  </logger>

  <root level="WARN">
    <appender-ref ref="console" />
    <appender-ref ref="logfile" />
  </root>
</log4j:configuration>
